<?xml version="1.0" encoding="utf-8"?>
<!DOCTYPE struts PUBLIC
	"-//Apache Software Foundation//DTD Struts Configuration 2.3//EN"
	"http://struts.apache.org/dtds/struts-2.3.dtd">
<struts>
	<constant name="conststruts.devMode" value="true" />
	<constant name="struts.multipart.maxSize" value="10485760" />
	<constant name="struts.i18n.encoding" value="UTF-8" />
	<!--json配置 -->
	<package name="lee222" extends="json-default">
		<!--炎青的json配置 -->
		<action name="KuCun_*" class="Action.MenDianYeWu"
			method="{1}">
			<result type="json" name="{1}">
				<param name="noCache">true</param>
				<param name="contentType">text/html</param>
				<param name="root">maps</param>
			</result>
		</action>
			<action name="Supply_*" class="Action.SupplyAction"
			method="{1}">
			<result type="json" name="{1}">
				<param name="noCache">true</param>
				<param name="contentType">text/html</param>
				<param name="root">maps</param>
			</result>
		</action>
	
			<action name="MenDian_*" class="Action.MenDianAction"
			method="{1}">
			<result type="json" name="{1}">
				<param name="noCache">true</param>
				<param name="contentType">text/html</param>
				<param name="root">lists</param>
			</result>
		</action>
		  <action name="Luru_*" class="Action.LuRuAction"
			method="{1}">
			<result type="json" name="{1}">
				<param name="noCache">true</param>
				<param name="contentType">text/html</param>
				<param name="root">lists</param>
			</result>
		</action>
		  <action name="Mingxi_*" class="Action.XiaoShouJinLiYeWu"
			method="{1}">
			<result type="json" name="{1}">
				<param name="noCache">true</param>
				<param name="contentType">text/html</param>
				<param name="root">maps</param>
			</result>
		</action>
	   <action name="Goods_*" class="Action.GoodsAction"
			method="{1}">
			<result type="json" name="{1}">
				<param name="noCache">true</param>
				<param name="contentType">text/html</param>
				<param name="root">lists</param>
			</result>
		</action>
		   <action name="customer_*" class="Action.CustomerAction"
			method="{1}">
			<result type="json" name="{1}">
				<param name="noCache">true</param>
				<param name="contentType">text/html</param>
				<param name="root">lists</param>
			</result>
		</action>
		
		<!--郭畅的json配置 -->


		<!--邓忍的json配置 -->
	</package>





	<!-- Struts2的所有Action都需位于package下 -->
	<package name="lee" extends="struts-default">

		<!--炎青的struts配置 -->
		<action name="user_*" class="Action.UserAction" method="{1}">
			<result >/WEB-INF/content/backmain.jsp</result>
			<result name="input">/WEB-INF/content/error.jsp</result>
			<result type="stream" name="{1}">

				<param name="contentType">text/html</param>

				<param name="inputName">result</param>

			</result>
		</action>
		<action name="Customer_*" class="Action.CustomerAction"
			method="{1}">
			<result name="input">/WEB-INF/content/addcustomer.jsp</result>
			<result type="stream" name="{1}">

				<param name="contentType">text/html</param>

				<param name="inputName">result</param>
			</result>

		</action>
		<action name="major_*" class="iwants.Action.MajorAction"
			method="{1}">
			<result name="{1}">/WEB-INF/content/next.jsp</result>
		</action>
		<!--郭畅的struts配置 -->


		<!--邓忍的struts配置 -->



		<!-- 这是文件上传类型的struts类型配置,我这边实现的是单文件上传，仅供参考 <action name="shaidanAction" 
			class="action.ShaiDanAction"> 动态设置Action的属性值 <param name="savePath">/images</param> 
			设置允许上传的文件类型 <param name="allowTypes">image/png,image/gif,image/jpeg</param> 
			<param name="maximumSize">6000</param> <result>/WEB-INF/content/shouye.jsp</result> 
			<result name="error">/WEB-INF/content/error.jsp</result> </action> -->

		<action name="*">
			<result>/WEB-INF/content/{1}.jsp</result>
		</action>
	</package>
</struts>